department,level,approved_headcount,filled_seats,open_seats,target_start_date,annual_budget_usd,priority,notes
Engineering,L1,6,2,4,2025-01-04,497142,High,Critical hire
Engineering,L2,9,3,6,2025-01-29,1787670,High,Backfill
Engineering,L3,2,1,1,2025-03-28,204036,High,Critical hire
Engineering,L4,8,4,4,2025-01-12,1041320,High,Critical hire
Engineering,L5,4,1,3,2025-01-04,796212,High,Backfill
Sales,L1,6,3,3,2025-03-18,507246,Low,New hire
Sales,L2,6,3,3,2025-07-30,1174242,Low,
Sales,L3,2,0,2,2025-05-24,260404,High,
Sales,L4,5,5,0,2025-09-27,563280,Low,Backfill
Sales,L5,8,5,3,2025-09-03,1210968,Medium,Expansion
Marketing,L1,10,5,5,2025-07-18,1154460,High,Backfill
Marketing,L2,7,3,4,2025-01-16,1381863,Medium,Backfill
Marketing,L3,9,8,1,2025-07-03,1624599,Low,New hire
Marketing,L4,4,0,4,2025-05-07,664384,High,Expansion
Marketing,L5,10,0,10,2025-04-23,1554570,Medium,Expansion
Finance,L1,4,1,3,2025-05-02,630648,Medium,Expansion
Finance,L2,2,2,0,2025-12-25,252190,Low,New hire
Finance,L3,5,3,2,2025-10-05,602540,High,
Finance,L4,2,0,2,2025-01-29,220980,Low,New hire
Finance,L5,2,2,0,2025-09-02,160178,Medium,New hire
People Ops,L1,4,2,2,2025-04-01,740700,Medium,Backfill
People Ops,L2,2,0,2,2025-10-28,344730,High,Backfill
People Ops,L3,10,5,5,2025-02-07,1289670,Low,
People Ops,L4,3,2,1,2025-06-04,366852,High,New hire
People Ops,L5,8,7,1,2025-11-29,972688,High,Expansion
Product,L1,5,3,2,2025-10-29,933760,High,
Product,L2,6,5,1,2025-12-19,711612,High,New hire
Product,L3,2,1,1,2025-10-21,262654,Low,Backfill
Product,L4,4,3,1,2025-06-12,744044,Low,New hire
Product,L5,3,2,1,2025-03-14,370218,Low,Backfill
Design,L1,5,2,3,2025-06-13,510025,Low,Backfill
Design,L2,7,7,0,2025-01-06,803327,High,New hire
Design,L3,3,2,1,2025-05-12,549468,High,Backfill
Design,L4,2,1,1,2025-08-13,352042,Medium,New hire
Design,L5,8,7,1,2025-07-13,1008288,Low,
Customer Success,L1,3,3,0,2025-10-23,495969,Low,New hire
Customer Success,L2,4,3,1,2025-02-07,739008,High,Expansion
Customer Success,L3,2,1,1,2025-05-14,187452,High,Expansion
Customer Success,L4,4,3,1,2025-03-24,703768,High,Backfill
Customer Success,L5,7,7,0,2025-12-27,588434,Medium,New hire
