offer_id,candidate_id,candidate_name,role,department,level,hiring_manager,location,offer_date,start_date,base_salary_usd,bonus_target_pct,bonus_target_usd,commission_plan,commission_detail,ote_usd,equity_grant_usd,signing_bonus_usd,offer_status,close_date,days_to_close,competing_offer,decline_reason
O4991,C0001,Alex Martinez,Senior Software Engineer,Engineering,L4,Jordan Kim,New York,2025-04-28,2025-06-02,135000,15,20250,,,,50000,10000,Accepted,2025-05-01,3.0,False,
O4992,C0002,Priya Sharma,Account Executive,Sales,L3,Morgan Lee,San Francisco,2025-05-02,2025-06-09,95000,20,19000,Commission,"10% of closed ARR, paid quarterly; OTE $142,500",142500.0,0,5000,Accepted,2025-05-05,3.0,False,
O4993,C0003,Jordan Wu,Product Manager,Product,L4,Jamie Park,Remote,2025-05-05,2025-06-16,125000,15,18750,,,,40000,0,Accepted,2025-05-08,3.0,False,
O4994,C0004,Casey Thompson,Marketing Manager,Marketing,L3,Sam Chen,Austin,2025-05-09,2025-06-23,105000,10,10500,,,,30000,7500,Accepted,2025-05-12,3.0,False,
O4995,C0005,Riley Nguyen,Senior CSM,Customer Success,L3,Blake Nguyen,Chicago,2025-05-12,2025-06-30,90000,10,9000,Commission,"5% of expansion ARR on managed accounts; OTE $103,500",103500.0,15000,5000,Accepted,2025-05-15,3.0,False,
O4996,C0006,Sam Patel,Senior Recruiter,People Ops,L3,Riley Johnson,New York,2025-05-14,2025-07-07,85000,10,8500,,,,10000,0,Accepted,2025-05-17,3.0,False,
O4997,C0007,Morgan Davis,Staff Engineer,Engineering,L5,Alex Rivera,San Francisco,2025-05-16,2025-06-16,165000,20,33000,,,,100000,15000,Accepted,2025-05-19,3.0,False,
O4998,C0008,Drew Kim,Financial Analyst,Finance,L2,Dana White,Austin,2025-05-19,2025-07-14,75000,5,3750,,,,0,0,Accepted,2025-05-22,3.0,False,
O5008,C1000,Candidate_1000,SDR,Sales,L3,Morgan Lee,Chicago,2024-09-29,2024-10-28,68905,0,0,Commission,"10% of closed ARR, paid quarterly; uncapped; OTE $68,905",68905.0,0,0,Accepted,2024-10-08,9.0,False,
O5009,C1001,Candidate_1001,Controller,Finance,L5,Dana White,New York,2024-09-25,2024-10-21,77156,10,7716,Performance Bonus,"Up to 8% of base salary tied to financial close and accuracy metrics; OTE $84,872",84872.0,0,0,Accepted,2024-10-01,6.0,False,
O5010,C1016,Candidate_1016,CMO,Marketing,L5,Sam Chen,Austin,2025-03-03,2025-04-14,118883,10,11888,,,,100000,0,Accepted,2025-03-05,2.0,True,
O5011,C1026,Candidate_1026,Finance Manager,Finance,L3,Dana White,New York,2025-05-02,2025-06-09,137692,5,6885,Performance Bonus,"Up to 8% of base salary tied to financial close and accuracy metrics; OTE $144,577",144577.0,100000,0,Accepted,2025-05-05,3.0,False,
O5012,C1028,Candidate_1028,CS Team Lead,Customer Success,L1,Blake Nguyen,Chicago,2025-02-05,2025-03-10,86178,20,17236,Commission,"8% of closed ARR, paid quarterly; OTE $93,072",93072.0,25000,10000,Accepted,2025-02-12,7.0,True,
O5013,C1036,Candidate_1036,Sales Manager,Sales,L5,Morgan Lee,Austin,2024-08-17,2024-10-07,161605,20,32321,,,,0,0,Accepted,2024-08-24,7.0,False,
O5014,C1044,Candidate_1044,Director of CS,Customer Success,L3,Blake Nguyen,San Francisco,2024-12-01,2025-01-20,158525,5,7926,Commission,"5% of net expansion ARR on managed accounts, paid quarterly; OTE $166,451",166451.0,0,0,Accepted,2024-12-07,6.0,False,
O5015,C1050,Candidate_1050,Controller,Finance,L3,Dana White,New York,2024-12-07,2025-01-13,163176,15,24476,Performance Bonus,"Up to 8% of base salary tied to financial close and accuracy metrics; OTE $187,652",187652.0,0,0,Accepted,2024-12-11,4.0,True,
O5016,C1055,Candidate_1055,Design Lead,Design,L1,Quinn Reyes,Chicago,2025-03-13,2025-04-21,170932,15,25640,Performance Bonus,"Up to 10% of base salary tied to design quality and delivery OKRs; OTE $196,572",196572.0,25000,5000,Declined,2025-03-20,7.0,False,Competing Offer
O5017,C1069,Candidate_1069,CS Team Lead,Customer Success,L1,Blake Nguyen,Austin,2024-12-06,2024-12-30,146927,15,22039,Commission,"5% of net expansion ARR on managed accounts, paid quarterly; OTE $168,966",168966.0,100000,0,Accepted,2024-12-13,7.0,False,
O5018,C1074,Candidate_1074,Director of Product,Product,L4,Drew Davis,New York,2025-01-24,2025-02-17,80194,10,8019,Performance Bonus,"Up to 15% of base salary tied to product adoption and roadmap OKRs; OTE $88,213",88213.0,50000,0,Accepted,2025-02-02,9.0,False,
O5019,C1086,Candidate_1086,Sales Manager,Sales,L1,Morgan Lee,San Francisco,2024-09-22,2024-11-11,114131,10,11413,Commission,"10% of closed ARR, paid quarterly; uncapped; OTE $125,544",125544.0,0,0,Accepted,2024-10-01,9.0,False,
O5020,C1093,Candidate_1093,Recruiter,People Ops,L3,Riley Johnson,Remote,2025-01-03,2025-02-10,159924,20,31985,Hiring Bonus,"$500 per successful hire above quarterly target; OTE $191,909",191909.0,25000,10000,Accepted,2025-01-09,6.0,True,
O5021,C1104,Candidate_1104,Sales Manager,Sales,L5,Morgan Lee,New York,2024-08-16,2024-09-09,72972,10,7297,Commission,"8% of closed ARR, paid quarterly; uncapped; OTE $80,269",80269.0,25000,5000,Accepted,2024-08-18,2.0,True,
O5022,C1112,Candidate_1112,Principal Engineer,Engineering,L3,Jordan Kim,New York,2024-11-17,2024-12-30,139228,20,27846,Performance Bonus,"Up to 15% of base salary tied to engineering OKRs, paid annually; OTE $167,074",167074.0,25000,0,Accepted,2024-11-20,3.0,True,
O5023,C1140,Candidate_1140,Product Manager,Product,L2,Jamie Park,Chicago,2025-03-19,2025-05-05,183732,0,0,Performance Bonus,"Up to 15% of base salary tied to product adoption and roadmap OKRs; OTE $183,732",183732.0,0,0,Declined,2025-03-23,4.0,False,Compensation
O5024,C1149,Candidate_1149,Design Lead,Design,L4,Quinn Reyes,Austin,2025-04-04,2025-05-19,120640,0,0,,,,25000,10000,Accepted,2025-04-07,3.0,True,
O5025,C1158,Candidate_1158,Marketing Manager,Marketing,L5,Sam Chen,New York,2024-10-23,2024-12-16,113353,10,11335,,,,50000,0,Declined,2024-11-02,10.0,False,Personal Reasons
O5026,C1180,Candidate_1180,Product Designer,Design,L4,Quinn Reyes,Remote,2025-04-20,,83098,15,12465,Performance Bonus,"Up to 10% of base salary tied to design quality and delivery OKRs; OTE $95,563",95563.0,0,10000,Negotiating,,,False,
O5027,C1186,Candidate_1186,Senior Analyst,Finance,L1,Dana White,Austin,2024-12-24,2025-01-13,118334,20,23667,Performance Bonus,"Up to 8% of base salary tied to financial close and accuracy metrics; OTE $142,001",142001.0,25000,5000,Declined,2024-12-28,4.0,False,Competing Offer
O5028,C1189,Candidate_1189,Senior CSM,Customer Success,L5,Blake Nguyen,San Francisco,2024-10-26,2024-12-09,89405,0,0,Commission,"5% of net expansion ARR on managed accounts, paid quarterly; OTE $89,405",89405.0,100000,0,Accepted,2024-10-31,5.0,False,
O5029,C1209,Candidate_1209,Senior CSM,Customer Success,L2,Blake Nguyen,Austin,2024-09-22,2024-10-14,115910,0,0,Commission,"5% of net expansion ARR on managed accounts, paid quarterly; OTE $115,910",115910.0,10000,0,Accepted,2024-09-28,6.0,True,
O5030,C1213,Candidate_1213,VP Product,Product,L4,Drew Davis,Chicago,2025-03-03,2025-03-31,178257,0,0,Performance Bonus,"Up to 15% of base salary tied to product adoption and roadmap OKRs; OTE $178,257",178257.0,100000,0,Accepted,2025-03-04,1.0,False,
O5031,C1215,Candidate_1215,Senior PM,Product,L4,Drew Davis,New York,2024-10-04,2024-11-04,181570,15,27236,,,,100000,0,Accepted,2024-10-13,9.0,True,
O5032,C1216,Candidate_1216,Engineering Manager,Engineering,L2,Taylor Brooks,Chicago,2024-08-08,2024-09-23,148588,20,29718,,,,50000,5000,Accepted,2024-08-16,8.0,False,
O5033,C1226,Candidate_1226,Design Lead,Design,L2,Quinn Reyes,New York,2024-12-03,2025-01-06,167746,20,33549,,,,0,5000,Accepted,2024-12-09,6.0,True,
O5034,C1229,Candidate_1229,Director of Product,Product,L1,Drew Davis,San Francisco,2025-02-06,2025-03-03,114903,0,0,,,,0,0,Accepted,2025-02-11,5.0,True,
O5035,C1230,Candidate_1230,Demand Gen Manager,Marketing,L3,Sam Chen,Remote,2025-03-22,2025-05-05,145828,0,0,Pipeline Bonus,"Up to $10,000 annually based on qualified pipeline generated; OTE $145,828",145828.0,25000,0,Accepted,2025-03-25,3.0,False,
O5036,C1236,Candidate_1236,VP Customer Success,Customer Success,L4,Blake Nguyen,Austin,2024-08-15,2024-09-16,79335,0,0,Commission,"5% of net expansion ARR on managed accounts, paid quarterly; OTE $79,335",79335.0,100000,0,Accepted,2024-08-18,3.0,False,
O5037,C1237,Candidate_1237,SDR,Sales,L1,Casey Turner,Remote,2025-04-10,2025-05-19,116266,10,11627,Commission,"10% of closed ARR, paid quarterly; uncapped; OTE $127,893",127893.0,100000,10000,Accepted,2025-04-19,9.0,True,
O5038,C1241,Candidate_1241,Marketing Manager,Marketing,L5,Sam Chen,Remote,2024-11-13,2024-12-09,68826,20,13765,,,,50000,0,Accepted,2024-11-21,8.0,True,
O5039,C1242,Candidate_1242,Senior Analyst,Finance,L3,Dana White,Chicago,2024-08-25,2024-10-14,99387,20,19877,Performance Bonus,"Up to 8% of base salary tied to financial close and accuracy metrics; OTE $119,264",119264.0,25000,10000,Accepted,2024-08-31,6.0,False,
O5040,C1243,Candidate_1243,Senior AE,Sales,L3,Casey Turner,San Francisco,2024-10-24,2024-12-09,82556,5,4128,Commission,"8% of closed ARR, paid quarterly; uncapped; OTE $86,684",86684.0,0,0,Accepted,2024-10-29,5.0,False,
O5041,C1249,Candidate_1249,Engineering Manager,Engineering,L5,Jordan Kim,San Francisco,2024-09-13,2024-10-07,99447,5,4972,Performance Bonus,"Up to 20% of base salary tied to individual and org impact metrics; OTE $104,419",104419.0,0,5000,Declined,2024-09-15,2.0,False,
O5042,C1250,Candidate_1250,VP Product,Product,L4,Jamie Park,Austin,2024-09-30,,101842,15,15276,,,,50000,0,Negotiating,,,False,
O5043,C1258,Candidate_1258,Product Manager,Product,L1,Drew Davis,Chicago,2024-12-18,2025-01-13,65142,0,0,,,,25000,0,Accepted,2024-12-21,3.0,False,
O5044,C1266,Candidate_1266,Head of Design,Design,L4,Quinn Reyes,Chicago,2024-09-29,2024-11-04,93277,0,0,Performance Bonus,"Up to 10% of base salary tied to design quality and delivery OKRs; OTE $93,277",93277.0,0,5000,Accepted,2024-10-08,9.0,False,
O5045,C1271,Candidate_1271,Recruiter,People Ops,L3,Riley Johnson,Chicago,2024-11-27,2024-12-23,133662,0,0,Hiring Bonus,"$500 per successful hire above quarterly target; OTE $133,662",133662.0,10000,10000,Accepted,2024-11-29,2.0,False,
O5046,C1288,Candidate_1288,SDR,Sales,L1,Morgan Lee,San Francisco,2024-10-31,,98924,0,0,Commission,"10% of closed ARR, paid quarterly; uncapped; OTE $98,924",98924.0,0,0,Negotiating,,,True,
O5047,C1292,Candidate_1292,Demand Gen Manager,Marketing,L2,Sam Chen,San Francisco,2025-05-03,2025-06-16,128527,5,6426,Pipeline Bonus,"Up to $15,000 annually based on MQL targets; paid semi-annually; OTE $134,953",134953.0,50000,10000,Accepted,2025-05-09,6.0,True,
O5048,C1293,Candidate_1293,VP Product,Product,L2,Jamie Park,New York,2024-08-19,2024-10-07,78124,0,0,Performance Bonus,"Up to 15% of base salary tied to product adoption and roadmap OKRs; OTE $78,124",78124.0,100000,0,Accepted,2024-08-24,5.0,False,
O5049,C1299,Candidate_1299,Design Lead,Design,L3,Quinn Reyes,New York,2025-05-10,2025-06-02,87983,10,8798,,,,10000,0,Accepted,2025-05-13,3.0,False,
O5050,C1301,Candidate_1301,Finance Manager,Finance,L3,Dana White,New York,2024-09-06,2024-10-07,92483,0,0,,,,100000,0,Accepted,2024-09-12,6.0,True,
O5051,C1304,Candidate_1304,SDR,Sales,L3,Morgan Lee,Austin,2024-10-08,2024-11-11,69062,10,6906,Commission,"12% of net new ARR, paid monthly; OTE $75,968",75968.0,100000,0,Declined,2024-10-18,10.0,False,Role Fit
